<?xml version="1.0" encoding="UTF-8" standalone="yes"?>
<AuthorizationData>
	<vendorInformation>
		<vendorName>ARIS</vendorName>
		<vendorId>ARIS</vendorId>
		<dataSource>HCSC-ARIS</dataSource>
	</vendorInformation>
	<fileInformation>
		<fileID>ODS_DATA</fileID>
		<fileDate>2017-07-31</fileDate>
		<fileDescription>Report "ODS_DATA" generated on Mon Jul 31 09:00:10 CDT 2017</fileDescription>
		<name>ODS_DATA</name>
		<recordCount>1</recordCount>
	</fileInformation>
	<authorizationList>
		<Authorization>
			<authorizationType>P</authorizationType>
			<authorizationAction>A</authorizationAction>
			<accountNumber>238000</accountNumber>
			<openDate>1999-12-31-06:00</openDate>
			<authorizationNumber>U17207AAAE</authorizationNumber>
			<authorizationStageCode/>
			<authorizationTypeCode>N</authorizationTypeCode>
			<corporateEntityCode>TX</corporateEntityCode>
			<employeeRecordIndicator>N</employeeRecordIndicator>
			<errorCode>321</errorCode>
			<finalAuthorizationStatusCode>400</finalAuthorizationStatusCode>
			<approvedActionCode>4</approvedActionCode>
			<approvedReasonCode>00</approvedReasonCode>
			<groupNumber>238000</groupNumber>
			<hmoIndicator>N</hmoIndicator>
			<memberNumber>000825637473</memberNumber>
			<memberFirstname/>
			<memberMiddleInitial/>
			<memberLastName/>
			<authorizationTransmissionDate>2017-06-08-05:00</authorizationTransmissionDate>
			<serviceActualBeginDate>9999-12-31-06:00</serviceActualBeginDate>
			<serviceActualEndDate>9999-12-31-06:00</serviceActualEndDate>
			<serviceRequestedBeginDate>2017-06-09-05:00</serviceRequestedBeginDate>
			<serviceRequestedEndDate>2017-06-12-05:00</serviceRequestedEndDate>
			<authorizationApprovedRehabilitationUnits>0</authorizationApprovedRehabilitationUnits>
			<productCode>S</productCode>
			<sectionNumber>0400</sectionNumber>
			<typeOfService>6</typeOfService>
			<updateTimeStamp>2017-07-31-05:00</updateTimeStamp>
			<userIdentifier>I338881</userIdentifier>
			<frequency>DAY</frequency>
			<CCP>M</CCP>
			<treatmentSetting>1</treatmentSetting>
			<treatmentUrgency>EL</treatmentUrgency>
			<originalSourceSystem>BLUESTAR</originalSourceSystem>
			<createTimeStamp>2017-07-26-05:00</createTimeStamp>
			<createUserIdentifier>I343993</createUserIdentifier>
			<levelOfCare/>
			<extractRecordCode>Y</extractRecordCode>
			<arisCreateTimeStamp>2017-07-26T09:00:07.782-05:00</arisCreateTimeStamp>
			<arisLastUpdateTimeStamp>2017-07-31T00:00:00.000-05:00</arisLastUpdateTimeStamp>
			<detlProdCd>EPOSOA</detlProdCd>
			<mbrMktSegCd>ERS</mbrMktSegCd>
			<mbrFundngTypCd>ASO</mbrFundngTypCd>
			<mbrPlnCd>TX</mbrPlnCd>
			<AuthorizationRequestTreatmentGroupList>
				<AuthorizationRequestTreatmentGroup>
					<treatmentGroupSequence>1</treatmentGroupSequence>
					<treatmentGroupCode>01</treatmentGroupCode>
				</AuthorizationRequestTreatmentGroup>
			</AuthorizationRequestTreatmentGroupList>
			<AuthorizationRequestStatusList>
				<AuthorizationRequestStatus>
					<statusSequenceNumber>1</statusSequenceNumber>
					<statusCode>P</statusCode>
					<requestActionCode>4</requestActionCode>
					<requestStatusReasonCode>00</requestStatusReasonCode>
					<requestBeginDate>2017-06-09</requestBeginDate>
					<requestEndDate>2017-06-12</requestEndDate>
					<requestRehabilitationUnits>3</requestRehabilitationUnits>
					<statusReason>00</statusReason>
					<penaltyCode>a</penaltyCode>
					<procedureTypeCode/>
					<procedureCode/>
					<notifyDate>2017-06-08</notifyDate>
				</AuthorizationRequestStatus>
			</AuthorizationRequestStatusList>
			<diagnosisCodeList>
				<diagnosisCode>
					<SequenceNumber>1</SequenceNumber>
					<diagnosisCodeIndicator>X</diagnosisCodeIndicator>
					<codeNumber>M16.12</codeNumber>
				</diagnosisCode>
			</diagnosisCodeList>
			<procedureCodeList>
				<procedureCode>
					<SequenceNumber>1</SequenceNumber>
					<procedureCodeIndicator>C</procedureCodeIndicator>
					<codeNumber>99220</codeNumber>
				</procedureCode>
			</procedureCodeList>
			<coordinatedHomeCarelist/>
			<NoteList>
				<note>
					<noteSequence>1</noteSequence>
					<noteType/>
					<noteText/>
				</note>
				<note>
					<noteSequence>999</noteSequence>
					<noteType>OTHER</noteType>
					<noteText>HCSCTS01</noteText>
				</note>
				<note>
					<noteSequence>998</noteSequence>
					<noteType>OTHER</noteType>
					<noteText>HCSCTT007</noteText>
				</note>
			</NoteList>
			<providerList>
				<provider>
					<providerTypeCode>FACILITY</providerTypeCode>
					<bcbsProviderID/>
					<nationalProviderID>1174729347</nationalProviderID>
					<providerID>H0HH009B01</providerID>
					<providerSpecialtyCode>405</providerSpecialtyCode>
					<pcpCoordinatedCode/>
					<fullName>MENTIS HOUSTON LLP</fullName>
					<otherFullName/>
					<address>
						<line1>9551 FANNIN</line1>
						<line2/>
						<city>HOUSTON</city>
						<stateCode>TX</stateCode>
						<postalCode>77045-4587</postalCode>
					</address>
				</provider>
				<provider>
					<providerTypeCode>ATTENDING</providerTypeCode>
					<bcbsProviderID/>
					<nationalProviderID>1013910082</nationalProviderID>
					<providerID>H08EJ91601</providerID>
					<providerSpecialtyCode>001</providerSpecialtyCode>
					<pcpCoordinatedCode/>
					<fullName>WESTLEY RABORN</fullName>
					<otherFullName/>
					<address>
						<line1>2704 N GALLOWAY SUITE 103</line1>
						<line2/>
						<city>MESQUITE</city>
						<stateCode>TX</stateCode>
						<postalCode>75150-6379</postalCode>
					</address>
				</provider>
				<provider>
					<providerTypeCode>REFERRING</providerTypeCode>
					<bcbsProviderID/>
					<nationalProviderID>1174726754</nationalProviderID>
					<providerID>H0HH009B01</providerID>
					<providerSpecialtyCode>405</providerSpecialtyCode>
					<pcpCoordinatedCode/>
					<fullName>MENTIS HOUSTON LLP</fullName>
					<otherFullName/>
					<address>
						<line1>1000 N FRANKLIN ROAD</line1>
						<line2/>
						<city>CHICAGO</city>
						<stateCode>IL</stateCode>
						<postalCode>60640-4587</postalCode>
					</address>
				</provider>
				<provider>
					<providerTypeCode>REFERRED</providerTypeCode>
					<bcbsProviderID/>
					<nationalProviderID>1013919090</nationalProviderID>
					<providerID>H08EJ91601</providerID>
					<providerSpecialtyCode>001</providerSpecialtyCode>
					<pcpCoordinatedCode/>
					<fullName>WESTLEY RABORN</fullName>
					<otherFullName/>
					<address>
						<line1>2800 DIVERSY DR</line1>
						<line2>SUITE 103</line2>
						<city>MARQUETE</city>
						<stateCode>CA</stateCode>
						<postalCode>95150-6379</postalCode>
					</address>
				</provider>
			</providerList>
			<patient>
				<gender>M</gender>
				<age>46</age>
				<alertCode/>
				<birthDate>1971-01-11-06:00</birthDate>
				<patientNumber>714574306</patientNumber>
				<firstName>JOHN</firstName>
				<middleInitial/>
				<lastName>ABBOTT</lastName>
				<phoneNumber/>
				<relationshipTypeCode>1</relationshipTypeCode>
			</patient>
		</Authorization>
	</authorizationList>
</AuthorizationData>